4080,Rescue 911
361,Twisted Metal
4537,Bobby Labonte
2391,Heavy Gear
6230,Little Battlers Experience
5529,Turning Red
392,The Thing
4792,Cooking Academy
6384,American Greetings
212,The Italian Job
471,Back at the Barnyard
385,Happy Tree Friends
5294,Jungledyret Hugo
6550,Kamitsubaki
661,The Irregular at Magic High School
864,WarGames
4538,Trails
1101,Nisekoi
1763,Hypnosis Mic
822,Independence Day
6071,Edens Zero
4794,Pucca
6551,カイロソフト
5519,Hocus Pocus
669,Boogiepop
5522,Disney's Robin Hood
1100,Neuro: Supernatural Detective
1152,City Hunter
1179,Ai Shimai
722,All Dogs Go to Heaven
1319,Blacksad
4791,Monsta Infinite
5669,The Proud Family
6552,Potion Punch
5917,GameStop
4948,Abunai Deka
4949,Perman
623,Knightmare
5159,"Musashi, the Samurai Lord"
1198,Heavy Metal
170,Animaniacs
366,Dota
922,Moomin
206,Happy Feet
4057,NPB
265,The Goonies
4738,Unbreakable Kimmy Schmidt
602,Yahari Ore no Seishun Rabu Kome wa Machigatteiru.
616,Captain Planet and the Planeteers
5743,Kaiketsu Zorori
528,Justice League
6554,Melty Lancer
4739,Stretch Armstrong
4740,Spirit
1080,Dead Rising
777,Rolie Polie Olie
88,Hot Wheels
231,Reign of Fire
5358,Super Arter
3560,Project 575
400,Charlotte's Web
300,G-Force
420,Hey Arnold!
1248,Utawarerumono
5333,Nissin Yakisoba U.F.O.
4250,Little Ghost Q-Taro
434,Hannah Montana
4293,Mushoku Tensei
95,Wallace & Gromit
479,Toxic Crusaders
4744,Necromunda
360,Rocky and Bullwinkle
396,Action Man
901,Tarzan
484,TaleSpin
516,The Three Stooges
902,The War of the Worlds
3690,Dead by Daylight
3129,Disney's Beauty and the Beast
873,Valkyrie Profile
1352,Kemono Friends
343,Space Chimps
169,American Chopper
1027,Gungrave
555,Victorious
614,Beverly Hills Cop
6404,Dark Horizons Universe
4804,Archer
1096,D.Gray-man
698,Death Wish
665,Durarara!!
5337,Candelia
1752,Wario
1207,Strawberry 100%
699,Dempsey and Makepeace
1210,Cat's Eye
5570,Fisk
708,Tesagure! Bukatsu-mono
1154,Doberman Deka
4750,Troll Doll
779,Daredevil
5870,"$100,000 Pyramid"
649,Who Framed Roger Rabbit
311,"Harvey Birdman, Attorney at Law"
746,Scrabble
6330,Dismount
4260,Haneru no Tobira
759,Iron Maiden
6149,Maple Colors
781,Zoey 101
4387,Carnivalé
572,Putt-Putt
3801,Papuwa-kun
604,Saekano: How to Raise a Boring Girlfriend
1215,Left 4 Dead
673,Kino no Tabi
363,Afro Samurai
372,Antz
379,Eragon
1026,Ex-Mutants
1151,Gamera
418,Mighty Beanz
1052,Hugo
474,Generator Rex
842,Steins;Gate
5477,Patati Patatá
4056,Family Stadium
242,Future GPX Cyber Formula
1253,BlazBlue
1257,Ant-Man
1056,DC
411,Ghost Rider
2090,Corpse Party
926,Pinky Street
650,The Asterisk War
381,Dark Angel
685,Blade Runner
3854,Yahtzee
683,Big Trouble in Little China
3803,Vampire Knight
3584,Anastasia
2,Indiana Jones
1159,Cowboy Bebop
707,Arpeggio of Blue Steel
1047,Dragon Age
786,The Blair Witch Project
794,Krull
1796,Peaky Blinders
4571,Bloons
4815,Delta Force
1051,Starship Troopers
4757,Ferrari
626,Are You Afraid of the Dark?
5753,Mountain Dew
1642,Naruto Shippuden
5298,Earth Defender Girl: Iko-chan
202,Dora the Explorer
1347,Queen's Blade
1428,Revue Starlight
1386,Dead Space
1570,Aokana
1150,Patlabor
1317,Pretty Cure
1438,DreadOut
1445,John Wick
4573,Dolly
3970,Qual é a Música
1693,Guild Wars
4973,Ace Combat
1801,Monster Musume
140,Back to the Future
1528,Galaxy Express 999
1755,Bloodstained
1464,One Punch Man
1749,Flunkerne
1778,Shinobi
1775,King of the Hill
5755,Breaking Bad
2000,Horizon
4823,Os Trapalhões
1993,Army Men
139,Mission: Impossible
1075,Black Mirror
2046,Kono Subarashii Sekai ni Shukufuku wo!
3242,The Legend of Galactic Heroes
2053,Azumanga Daioh
1076,Flåklypa Grand Prix
2009,Strider
5451,History Channel
421,Uno
886,Xanadu
5787,Jack Ryan
1158,Police Quest
802,Brave Story
2111,Killzone
6098,Jönssonligan
1124,Dark Souls
1170,Black Clover
2154,Gran Turismo
3919,Kato-chan Ken-chan Gokigen TV
1913,Shadowverse
3995,The Wonderful World of Puss 'n Boots
2102,Dizzy
1192,Young Justice
503,The Flintstones
925,Dead or Alive
304,The Golden Compass
3627,The Price is Right
1329,Redwall
334,Night at the Museum
1478,Inazuma Eleven
2866,Space Jam
4774,Sam and Cat
4773,The Penguins of Madagascar
94,"Ed, Edd n Eddy"
470,Ren & Stimpy
619,Days of Thunder
6482,"Mou, Shimasen Kara."
1942,Legend
3356,Law of Ueki
2818,The Fast and the Furious
5300,Froot Loops
1777,Golden Axe
6394,Last Attack
1104,Sket Dance
620,Elvira
6474,Ace of Diamond
3633,Swamp Thing
4676,FAR Universe
6095,Gladiator
1967,Viva Piñata
4989,Tengen Toppa Gurren Lagann
1102,Pyu to Fuku! Jaguar
1639,Zoboomafoo
1032,MazinSaga
2149,The Magic School Bus
2150,KonoSuba
643,The Running Man
6475,"Shinyaku ""Kyojin no Hoshi"" Hanagata"
5971,World of Outlaws
2280,Star Trek: Deep Space Nine
4992,Maya the Bee
2171,Tinkerbell
2173,Noel
2283,Oneechanbara
2151,Ico
24,Mario Bros.
2310,Go Go Ackman
2311,Pumuckl
3712,Boys Over Flowers
5369,Code Age Archives
2361,Wonder Boy
4993,Catscratch
2515,Gatchaman
2316,Dying For Treasure
2546,Torrente
4683,Umamusume
5353,Budweiser
5354,Pippo's
2477,Humpty's Family Restaurant
4995,All Grown Up
4845,Baby's Day Out
2685,Mario Kart
2583,Magical Circle Guru-guru
2658,Deep-Blue
2702,Primal Rage
2676,Made in Abyss
2696,Vigilante 8
2703,World Heroes
2744,Bibi Blocksberg
2882,Rummel och Rabalder
4690,Kindaichi Case Files
2763,Duke Nukem
2773,Mean Girls
2774,Gakkou de Atta Kowai Hanashi
2817,El Chapulín Colorado
2838,Super Chinese
2839,A Nightmare on Elm Street
2840,The Texas Chainsaw Massacre
2856,Magical Hat
2862,No Limite
2883,Usagi: Yasei no Touhai
3071,O Beijo do Vampiro
5153,Phoenix
3086,Farscape
2982,7 Up
3769,Kantai Collection
3006,Mermaid Melody Pichi Pichi Pitch
3028,LEGO Batman
3300,Zeiram
4609,Disney Tsum Tsum
3109,Bastard!!
3228,Sabrina: The Teenage Witch
2011,Sakura Wars
3094,Una Película de Huevos
3234,The Twisted Tales of Spike McFang
4301,The Fly
3302,Goldfish Warning!
5361,Sekiryuu-ou
4302,Pense Bem
5305,Chex
2308,Xuan-Yuan Sword
5668,Wish
5674,Jungle Cruise
1435,Doraemon
2665,Carnivores
3304,Marmalade Boy
1787,Super Smash Bros.
501,Donald Duck
1147,Haruhi Suzumiya
3010,Miss Kobayashi's Dragon Maid
4860,Edd the Duck
1695,Kashimashi: Girl Meets Girl
2748,Barbapapa
1256,GooseBumps
3325,Super Zugan
1635,Titanfall
2544,Rocket League
4073,Prima Doll
630,Earthworm Jim
551,Metal Gear Solid
544,Hatsune Miku
527,Rogue Trooper
322,Littlest Pet Shop
1144,Metal Max
3699,Kamisama Kiss
2521,Koihime
2347,Devilman
4620,Jorel's Brother
2772,Blaze and the Monster Machines
2333,Lunar
3205,Hercules: The Legendary Journeys
4114,Nana
2135,Zone of the Enders
5511,L.O.L. Surprise!
5520,Onward
3983,Prime
874,Ganbare Goemon
3517,My Melody
2174,Sentimental Graffiti
2180,PixelJunk
4144,Huanxiang Sanguozhi
5487,Runelords
1069,The House of the Dead
3985,Full Metal Planete
3806,UEFA
4627,Pole Chudes
4867,Artemis Fowl
3777,Magical Taruruto
32,Tex Murphy
3835,Gyakuten! Ippatsuman
5349,Little Caesars
5350,Koryo Tours
364,Game of Thrones
3926,Sofia the First
3679,Ozmafia
4074,Alice in the Country of Hearts
4095,Are You Smarter Than a 5th Grader?
299,Inspector Gadget
227,Over The Hedge
5313,Cheerios
1858,Samurai Shodown
2397,Ghost of Tsushima
1985,Road Blaster
4273,Phineas and Ferb
5355,Ahlgrens bilar
4870,ABC
3587,Candy Land
3722,Kirarin Revolution
389,The Warriors
845,Mario
3681,Beck
3342,Navy Seals
394,Trivial Pursuit
3889,Gunhed
3707,Chuck E. Cheese
3706,12-Sai
2254,Disney's Tarzan
5717,Epic Battle Fantasy
3988,"$1,000,000 Kid"
6302,Mezzo Piano
3554,Fushigi Yuugi
228,King Kong
3470,Welcome to Pia Carrot!!
3592,Dinosaurs
3594,Disney's Doug
3811,Kyoro-chan
4137,Camp Rock
3992,Moeru! Onii-san
3994,Mr. Vampire
4482,Disney's Pinocchio
112,The Grim Adventures of Billy & Mandy
4460,Disney's Dinosaur
3596,Ed Grimley
149,M&M's
4416,Kkoma Daejang Mangchi
3962,Gakuen Heaven
330,Monsters vs. Aliens
4275,The Good Dinosaur
869,Bloody Roar
3727,Senninha
6487,Ucchannanchan no Honō no Challenger: Kore ga Dekitara
3959,Crest of the Stars
19,The Matrix
3999,Johnny Test
5268,Fang of the Sun Dougram
4063,Dead Island
4066,The Benza
659,Ore no Imoto ga Konna ni Kawaii Wake ga Nai
4881,Ninku
6072,Tyco R/C
4109,Kommissar Kugelblitz
4278,Black Panther
4279,The Wiggles
4880,Osomatsu-san
2406,Symphogear
4721,Space Battleship Yamato
73,Wizardry
4509,PaRappa the Rapper
4444,Megaton Musashi
284,Cloudy With a Chance of Meatballs
857,Tom Clancy’s
5720,Blinky Bill
5319,Cap'n Crunch
194,Meet the Robinsons
4498,Hole in the Wall
68,Ultima
5270,Brave Exkaiser
5036,LovePlus
4423,My Next Life as a Villainess
1686,Bioshock
4454,Battle Tactics
180,Bratz
6372,Jonas
47,XIII
4469,Ghosts of Mistwood
4203,Grander Musashi
4478,Disney's A Christmas Carol
4485,Child's Play
4500,Dom Zelittu's
3964,Magical Taluluto-kun
106,Jackass
6526,Mobo Kids
243,Spawn
336,Pirates of the Caribbean
3081,Bayonetta
110,The Secret Saturdays
133,Harry Potter
4216,Ninja Nonsense
145,Sesame Street
229,Ratatouille
3276,Nobunaga's Ambition
4459,Agro
4427,Mamegoma
5042,Money Heist
368,The Punisher
164,Madagascar
447,Ninja Gaiden
209,Ice Age
5044,The Dragon Prince
6529,I did it Mum!
833,Streets of Rage
812,Frogger
5378,Funko Pop!
577,Magic: The Gathering
419,JoJo's Bizarre Adventure
234,Rocket Power
5896,Find Cats
3640,Wayne’s World
1287,Mystery Dungeon
134,Fables
644,Superman
156,Disney's Winnie the Pooh
5045,Kaitou Tenshi Twin Angel
5228,Mirumo De Pon!
1238,Buddy Complex
5070,Breadwinners
4578,Open Season
5359,Chowder
3438,Emily the Strange
5077,Pig Goat Banana Cricket
5079,Bunsen is a Beast
301,G.I. Joe
5161,Oishinbo
5085,Magical Princess Minky Momo
4731,Invincible
5499,Mundo Canibal
5089,Toki no Tabibito: Time Stranger
456,The Elder Scrolls
5280,KKHTA
4649,MapleStory
4581,Pollyana
5162,Hirake! Ponkikki
100,Spongebob Squarepants
6075,Jammer Dash
3846,Detective Conan
5123,Tak and the Power of Juju
5134,Battleship
5329,Sheep in the Big City
5470,Pocket Zaurus
5903,Chop Socky Chooks
5141,Fortune Quest
5154,Honoo no Toukyuuji: Dodge Danpei
2148,E.T. the Extra-Terrestrial
5156,Kamen no Ninja Akakage
6007,Law & Order
5191,Styrlitz
5334,Coca-Cola
5175,El-Hazard
5202,Disney's Three Little Pigs
836,Saint Seiya
1273,Hitman
1292,Harvest Moon
11,The Lord of the Rings
6380,Amigo Pacho
4799,Fazbear Fanverse Initiative
1019,The Hunt for Red October
5817,Revolutionary Girl Utena
3831,Casshan
4277,The Backyardigans
3348,Cycling Manager
1149,Ultraman
5876,Domingão do Faustão
6011,Emily in Paris
1064,X-COM
854,Dragon Slayer
6506,Zardy
5452,Gregory Horror Show
4093,LOL: Hasse toh Phasse
6434,groove coaster
5548,Fox's Peter Pan & The Pirates
1800,Puyo Puyo
6012,Di-Gata Defenders
7,Transformers
205,Godzilla
5147,Augusta National Golf Club
5444,The Football Association
5504,Ketsui
6024,Life: The Game
799,Bomberman
5728,Moss
5290,NFL Players Association
1757,Demon Slayer: Kimetsu no Yaiba
238,X-Men
6182,Rent-A-Girlfriend
2993,Adventure Island
5626,Dealer's Life
6542,Tafusoft
5500,Final Stardust
2170,Disney Fairies
1764,F-Zero
3134,Dance Dance Revolution
5660,The Aristocats
3043,Kishin Douji Zenki
509,Warhammer
4474,Treasure Planet
504,Disney's Darkwing Duck
433,Willow
5801,Rapala
1830,Wreck-It Ralph
5676,The Golden Girls
5947,Strawberry Shortcake
5678,Titanic
157,Toy Story
3469,Galaxy Fräulein Yuna
5564,Wow! Wow! Wubbzy
1455,Genshin Impact
6544,Tedi
185,Cars
636,The King of Fighters
38,Mega Man
771,Star Fox
3456,Nickelodeon
1773,Disney's Atlantis
5574,Nike
795,Ridge Racer
5812,Teletubbies
184,Carmen Sandiego
2045,PlayerUnknown's Battlegrounds
6453,starset
5840,Metal Heroes
6212,Shovel Knight
1820,Animal Crossing
808,Borderlands
543,Sword Art Online
44,DC Comics
5209,Crazy Chicken
892,Pac-Man
325,MLB
3210,Power Pros
875,Fate
6546,come on baby!
4,Final Fantasy
6547,RuPaul's Drag Race
4289,Space Dandy
556,The Bard's Tale
4087,Pretz
793,Battletoads
144,Johnny Bravo
5771,Myst
2567,Spelunker
6458,Masyanya
6483,Petz
441,Watchmen
4536,Dale Jarrett
6398,Call to Arms
510,Friday the 13th
1335,Black Moon Chronicles
3219,All Japan Pro Wrestling
1458,Ni no Kuni
245,Surf's Up
652,The NeverEnding Story
2783,Girls' Last Tour
152,Jeopardy
1079,Bullyparade
3429,High School DxD
675,The Pet Girl of Sakurasou
5252,Platoon
1098,Kuroko's Basketball
461,Bill & Ted
3641,The Rescuers
697,Danger Mouse
1525,Banjo & Kazooie
6121,Arcane Quest
6287,Squid Game
4899,Too Hot to Handle
4947,Major League
4670,Nausicaä of the Valley of the Wind
4540,rubble trouble
679,Atom Ant
823,RWBY
691,Discworld
1106,Tottemo! Luckyman
5433,Thorgal
4527,The ZhuZhus
230,Rave Master
590,Sega Hard Girls
4735,Animorphs
326,Man vs. Wild
3508,Big Brother
512,Monty Python
4528,Kevin Keegan
1191,Falling Skies
349,Tangled
337,Rango
204,Flushed Away
709,"Wake Up, Girls!"
550,Scott Pilgrim
129,Disney's Chicken Little
2060,Michael Jordan
472,El Tigre: The Adventures of Manny Rivera
4552,Dracula
609,Infinite Stratos
22,Worms
3559,Mars of Destruction
5590,Teasing Master Takagi-san
317,Jenga
153,Shadowman
1172,Gunparade March
1088,Cyanide & Happiness
5332,Purina
1177,Oh My Goddess!
658,The Devil Is a Part-Timer!
863,Dallas
3904,Rozen Maiden
3420,Hetalia
6466,Ghost Master
885,Darksiders
432,Deadliest Catch
3546,Brothers Conflict
4556,Lovely Cat
4251,Ninja JaJaMaru-kun
467,Blue's Clues
2158,"Hanayaka Nari, Waga Ichizoku"
4647,Lupo Alberto
428,Aqua Teen Hunger Force
932,PopoloCrois
485,SWAT Kats
5530,100 Man-Yen Quiz Hunter
323,Legend of the Guradians
6557,The Litter
903,Hitchhiker's Guide to the Galaxy
909,Car Wars
920,Euro Truck Simulator
2266,TwinBee
1370,Uglydoll
548,Little Busters
640,Neighbours
1280,Nioh
116,A Bug's Life
4252,Jujutsu Kaisen
511,The Crow
703,YuruYuri
5442,Matchbox
523,American Gladiators
534,Spy Kids
4255,Touken Ranbu
4960,Gall Force
2160,Muv-Luv
5297,Bille og Trille
580,Despicable Me
2162,Tama and Friends
693,Count Duckula
1093,Hell Teacher Nube
216,Minority Report
1585,K-ON!
601,Hanayamata
4257,Gudetama
743,The Jetsons
748,PewDiePie
4749,The Thundermans
4912,The Angry Beavers
711,No-Rin
4914,Invader Zim
399,Atomic Betty
1285,Kill la Kill
4259,Oden-kun
757,Skipper and Skeeto
1771,The Busy World of Richard Scarry
1167,The X-Files
4565,Top Speed
333,Neopets
821,Berserk
3250,Magical Taluluto
1229,That Time I Got Reincarnated as a Slime
2129,The Rocketeer
6057,Ojamajo Doremi
1001,Jay and SIlent Bob
3802,Uwasa no Midori-kun
768,Klonoa
858,Beowulf
834,Devil May Cry
1268,Monster Strike
594,Valkyrie Drive
4968,Tears to Tiara
1171,Angelique
610,Puella Magi Madoka Magica
5983,railroad tycoon
692,Crows
706,Kin-iro Mosaic
4758,Planet 51
1118,Psycho-Pass
5786,Les Guignols de l'info
728,Area 51
715,The Famous Five
1016,Short Circuit
1300,Venus Project
1252,Hacker.exe
727,Crysis
4814,Reebok
4263,Bubble Guppies
2239,Sly Cooper
826,Playmobil
6059,Krakel Spektakel
1063,Dishonored
1185,Onmyou Taisenki
1173,Sengoku Basara
1206,Hoshin Engi
4572,Xuxa
1437,Grisaia
1439,Snack World
1454,Jumanji
1526,Rednex
507,Alien vs. Predator
1711,Gigantosaurus
1534,100 Bullets
1722,Grimms Notes
1774,Bob's Burger
4566,Sunrise World War
3239,B-Daman
4579,"Crouching Tiger, Hidden Dragon"
1849,Bloons TD
4764,Cutthroat Island
4821,Wimbledon
1780,Shenmue
3815,Science Adventure
4490,Henry Danger
3622,Name That Tune
123,Earthbound
3974,Thunder in Paradise
290,Dancing With the Stars
183,Butt-Ugly Martians
1189,Granblue Fantasy
1476,Metal Slug
1157,Robotics;Notes
1262,Magic Knight Rayearth
1108,Sakigake!! Otokojuku
3626,Polly Pocket
186,Casper The Friendly Ghost
5449,Keitai Shoujo
1934,Catwoman
309,Guinness World Records
5342,Tech Deck
552,Persona
331,The Naked Brothers Band
4671,Dobuki Games
5759,Residiuum
3858,Tokyo SHADOW
4770,Game Shakers
4771,The Loud House
4772,T.U.F.F. Puppy
3859,NSync
1814,Panel de Pon
1469,Mob Psycho 100
567,Where's Waldo?
345,The Spiderwick Chronicles
612,A Certain Scientific Railgun
2846,Quiz Magic Academy
3977,Blue Exorcist
5302,Scania
2367,The Prince of Tennis
617,Dan Dare
615,The Chronicles of Prydain
1107,Toriko
627,Xanth
490,Jackie Chan Adventures
1633,Skylanders
1712,Far Til Fire
1089,Assassination Classroom
5422,Dungeon!
1636,Onegai Teacher
2109,Resistance
6477,Ore wa Captain
1716,Brødrene Mortensens Jul
2063,The Shadow
221,Naruto
6395,Mon petit gazon (MPG)
520,Blade
6479,Bats & Terry
2245,10mg
638,Gremlins
2255,Fireman Sam
2258,Rampage
3638,VR Troopers
292,Deal or No Deal
5233,hololive
2549,Deus Ex
2332,Armored Police Metal Jack
5537,Rollerball
2337,BanG Dream!
5344,Jelly Belly
5352,Mini 4WD
4599,Tensai Bakabon
4999,Taimanin
2585,Slayers
2600,Piposh
2741,Avernum
2745,Hanamaru
2756,My Teacher is an Alien
2775,Musou
6131,Battle Spirits
2913,Family Feud
2801,Castelo Rá-Tim-Bum
2807,TV Colosso
2844,Drugs & Wires
2875,Fort Boyard
2876,Confrontation
3044,Last Action Hero
3029,Lego City
3045,The Mask
4850,Radio Flyer
5115,Toree
5974,Chain Chronicle
3317,Momotaro Densetsu
3077,Lobo
4693,The Berenstain Bears
2981,Cheetos
2991,Monogatari
3017,Programa do Ratinho
3770,Princess Connect!
3035,Bruce Lee
5303,Quavers
3295,U-jin
4855,Lamborghini
3158,Atmosfear
3278,Akazukin Cha-cha
1293,Front Mission
3172,LazyTown
3179,Soletrando
3245,Jungle no Ouja Tar-chan
3266,Gdleen
45,Deadpool
4697,Princess Princess
127,Shadowrun
15,NASCAR
3279,Anohana: The Flower We Saw That Day
3294,Rascal the Raccoon
4858,Kiss
3303,Konpeki no Kantai
3305,Naki no Ryuu: Mahjong Hishou-den
3307,Naruhodo! The World
3308,Time Bokan
3412,Gormiti
4072,Teddy Floppy Ear
287,Crayon Shin-chan
3561,Crazy Frog
1010,Miami Vice
1014,Highlander
3804,Total Drama
3023,Big Brother Brasil
5346,Bubblicious
3686,Waterworld
1044,Little Witch Academia
4705,My Next Life as a Villainess: All Routes Lead to Doom!
3569,Leisure Suit Larry
1099,Medaka Box
478,Wild Thornberrys
1068,Super Monkey Ball
535,Top Gun
500,My Little Pony
3203,Tiger Woods
611,A Certain Magical Index
6197,Shaolin Bao
2597,Oreo
1708,Serial Experiments Lain
5311,Tikkurila
4865,Pettson och Findus
2483,Drakengard
176,Lego Bionicle
3032,J.League
61,Spartacus
1847,Star Trek: The Next Generation
438,The Dark Eye
74,Mad Max
3745,Sensual Phrase
4396,The Croods
1337,Space Channel 5
3833,Golden Warrior Gold Lightan
3656,That's So Raven
4055,The Pirates of Dark Water
2760,Lemmings
2516,Tekkaman
1123,Fist of the North Star
5347,Bush's Baked Beans
3672,Rasetsu
3795,Threads of Destiny
1976,Nintama Rantarou
4266,Doc McStuffins
4630,Warhammer Age of Sigmar
4036,An American Tail
4038,Super Password
3405,Kokoro Connect
3423,Urusei Yatsura
167,Finding Nemo
3726,Saiyuki
4076,Bucky O'Hare
3595,Dr. Fad
4102,The Cheetah Girls
3126,Baldr
6486,Hitme
4483,The Hunchback of Notre-Dame
5489,Sea-Doo
272,James Cameron's Avatar
440,Wanted
4041,The Pagemaster
6304,Shimajiro
4489,Chupa Chups
3349,Solo Leveling
3785,Kiteretsu Daihyakka
3823,Baby Shark
3900,The Polar Express
3930,Les Visiteurs
240,Shaman King
4276,Turbo
820,Gundam
6410,Gambler Densetsu Tetsuya
6488,Mixcity
464,Predator
413,Hamtaro
4461,Gravity Falls
4495,NBC
4507,Mr. Men &amp;amp; Little Miss
900,Atelier
4435,Tochi
6208,Shion no Ou
4745,Blood Bowl
4086,Red Bull
1022,Love Live!
5030,Giga Pets
111,Codename: Kids Next Door
103,Adventure Time
5317,Ford
4184,Norn9
4463,Disney's Alice in Wonderland
387,RoboCop
5269,Ra Ra Ra Mujinkun
355,Where the Wild Things Are
362,11eyes
370,Xiaolin Showdown
5238,Plants vs. Zombies
4192,Battle Vixens
4470,Enchanted
2440,Densha de go
6333,Barcode Battler
4465,Disney Playhouse
4466,Violetta
4206,Chou Majin Eiyuu-den Wataru
988,God Eater
5239,Zettai Karen Children
4728,The Last Kids on Earth
4411,Sylvanian Families
1688,Homestar Runner
6370,Wizards of Waverly Place
285,Code Lyoko
190,Curious George
251,Tiny Toon Adventures
439,Saw
268,Alvin and the Chipmunks
4480,Basil the Great Mouse Detective
4486,Hill Climb Racing
6334,Hebereke
1228,Splatoon
2281,Sam & Max
4729,TNA
335,Pimp My Ride
273,Bakugan Battle Brawlers
195,The Fairly OddParents
6369,Sonny with a Chance
4217,Osomatsu-kun
210,Hulk
289,Winx Club
222,NCAA
388,Robot Wars
6423,Maximus
351,Tron
5994,The Venture Bros.
2414,Power Instinct
5040,Negima! Magister Negi Magi
2124,SD Gundam
726,Call of Duty
4894,50 Cent
3511,Ai Yori Aoshi
5399,Krosmoz
2417,Diablo
5814,Cosmo Police Galivan
736,Valkyria
8,Ghostbusters
942,Tales of
517,TekWar
93,McDonald's
2136,Centipede
5555,NHLPA
1421,Divinity
2577,Starry Sky
6532,Candy Moutain Massacre
3312,The Game of Life
5048,Dream Hunter Rem
5392,Shaun White
425,Half-Life
889,Project Runaway
5078,Harvey Beaks
961,Yo-kai Watch
3439,Just Dance
486,Jurassic Park
5289,Mathosaurus
5325,The Mask of Zorro
5900,Temple Run
5247,Bigfoot
446,Kickass
5468,Lady Lady!!
5281,Rio
1765,To Heart
5901,Crimson City Nights
5135,Be-Bop High School
1358,Killer Instinct
5250,Fun House
5410,Estab Life
4428,Felix
1450,NOEL the mortal fate
5143,Sweet Home
5148,The Royal and Ancient Golf Club of St Andrews
5155,General's Son
5187,Xuxa e os Duendes
5833,Bob the Robber
5193,rpg tsukuru
5195,Uchuujin Tanaka Tarou
2853,Ragnarok Online
791,Space Invaders
6504,PLEASE STOP CRYING
6079,Himitsu no Aipri
302,Garfield
79,Tetris
5157,The Three-Eyed One
225,One Piece
191,Digimon
5907,Spikeball
403,Danny Phantom
1568,Turma da Mônica
5402,I Am Weasel
4265,Disney's The Princess and the Frog
977,Total War
76,The Smurfs
219,"Monsters, Inc."
35,Mickey Mouse
5850,Tonka
5549,Peter Pan
1058,Ecco the dolphin
6013,Dragon's Dogma
150,Barbie
1303,PAW Patrol
1049,Angry Birds
5453,Midnight Horror School
1297,Hotel Transylvania
279,Tomb Raider
77,Teenage Mutant Ninja Turtles
1354,Higurashi When They Cry
3213,Madden
1105,The Disastrous Life of Saiki K.
2416,Ratchet & Clank
5441,Porky's
5925,PBR
3852,Anpanman
4000,Wangan Midnight
5667,Oliver &amp;amp; Company
458,Might and Magic
557,Warlords
5514,Bendy
125,DuckTales
3791,Disney's Cinderella
2461,Pixeline
2944,Chip 'n Dale: Rescue Rangers
5662,Lady and the Tramp
1433,Frozen
5673,Mary Poppins
2121,Uncharted
575,Galaga
3998,Tokyo Xtreme Racer
6543,Luntik
5768,Gary Gadget
2936,Is It Wrong to Try to Pick Up Girls in a Dungeon?
5632,Das Magische Labyrinth
891,Tekken
5856,IRB
72,The Godfather
246,Teen Titans
220,NHL
49,The Avengers
960,Destiny
1003,Bubble Bobble
6562,Marvel Rivals
6020,Dog Man
16,NBA
1180,Akiba's Trip
5839,Seikima II
1651,Bemani
780,Touhou Project
6122,Paper Shakespeare
6519,Bamboo Blade
5,Batman
3390,Kunio-kun
6443,Matolek the Goat
4951,Takeshi's Castle
855,The Legend of Heroes
1110,FIFA
4790,Fido Dido
215,Men in Black
6123,Thunderbirds
3160,Bonk
5003,Peppa Pig
5854,Strontium Dog
5841,Mito Koumon
936,Castle
6462,LEGO Ultra Agents
871,Ape Escape
1193,Adiboo
724,The Blues Brothers
469,Team Umizoomi
214,A Series of Unfortunate Events
473,Nacho Libre
4631,Stuart Little
378,The Dukes of Hazzard
849,M*A*S*H
5331,Kellogg's
959,Umihara Kawase
564,Inuyasha
2931,PJ Masks
831,World War Z
1350,Stranger Things
5216,Nerf
801,Phantasy Star
654,Dick Tracy
4733,The Complex
3790,Disney's Mulan
738,monster rancher
5421,James Bond Jr.
422,W.I.T.C.H.
637,Fright Night
2294,AKB48
1009,Attack of the Killer Tomatoes
695,To Love-Ru
6266,Lingo
1153,Captain Tsubasa
735,Crossbow
232,Robots
109,Napoleon Dynamite
261,Ace Ventura
671,Ground Control to Psychoelectric Girl
844,Death Note
690,Gobots
1338,syberia
142,Dirty Harry
674,Golden Time
1235,Gurren Lagann
382,Mary-Kate and Ashley
5217,Sharknado
6555,Fukakutei Sekai no Tantei Shinshi
3114,Gulliver Boy
529,Silver Surfer
96,Burger King
172,Aquaman
3851,Pingu
410,Fear Factor
491,The Chronicles of Riddick
424,Chicken Run
1024,Asuka 120%
4956,Fisherman Sanpei
371,Bad Boys
1094,Hunter x Hunter
481,ThunderCats
460,Beetlejuice
625,Alf
6556,Master of Monsters
303,George of the Jungle
4645,Hello Neighbor
3932,Tenchi wo Kurau
677,Andy Capp
405,Drake & Josh
3916,Caillou
437,Lost
2436,WWF
668,Strike the Blood
5773,Harley-Davidson
4534,Battle Bears
3249,Ultimate Muscle
3097,Hololive Alternative
3547,Uta no Prince-sama
6324,Hi-C
581,The Alligator People
3599,Franklin the Turtle
651,World Trigger
992,King's Quest
910,Ogre
75,Thomas & Friends
667,Ro-Kyu-Bu!
6558,Jeune Styliste
27,Jason Bourne
1091,Chinyuuki: Tarou to Yukai na Nakama-tachi
4559,Parasite Eve II
5336,General Mills
373,Battlestar Galactica
2117,Alarm for Cobra 11
3740,Hayate the Combat Butler
3549,Gachapin
2084,The Legendary Starfy
4258,Quiz Hexagon
1092,Dr. Slump
3643,Twin Peaks
1050,Gintama
187,Charlie's Angels
3226,Liberty's Kids
4563,Trip the Ark Fantastic
582,Cabbage Patch Kids
3605,The Incredible Crash Dummies
852,Attack on Titan
646,Trolls
1199,OK K.O.! Let's Be Heroes
342,Rubik's Cube
718,Auf Wiedersehen Pet
4262,Peking Man
562,Stargate
2164,Jungle Wars
744,The Karate Kid
816,Golgo 13
476,Yogi Bear
482,Area 88
1910,Om Nom
2133,Nendoroid
682,Battle of the Planets
846,Steven Universe
427,Regular Show
804,Fullmetal Alchemist
647,The Twilight Zone
587,SaGa
2903,Bananas In Pyjamas
923,Wild Arms
935,The Heroic Legend of Arslan
712,Engaged to the Unidentified
1250,Macross
6459,Path of Fury
2169,Dogz
1018,Azure Striker Gunvolt
828,Mage Knight
898,Lupin the Third
921,Arc the Lad
1095,KochiKame: Tokyo Beat Cops
1301,Magica Wars
1359,Beast Quest
1362,Battle Angel Alita
4971,Akuma-kun
4574,Acquaria
1175,Dragon Knight
1246,Hotel for Dogs
1432,Planes
4264,Jake and the Never Land Pirates
1784,Europa Universalis
1697,Tremors
1236,Mazinger Z
1718,Rosario + Vampire
4577,Sapo Xulé
1582,Spa Mania
5603,Marathon
1762,Seven Wonders of the World
1970,Spriggan
830,JumpStart
1885,Legacy of Kain
6096,Ronja Rövardotter
1792,DJMax
1831,Noddy
1932,Xenoblade
1822,Max Payne
1242,Kaiji
1999,Alex Kidd
3621,Mr. Potato Head
6406,Omada
1077,Planet of the Apes
175,Beyblade
2013,Shining Force
1145,Ranma 1/2
82,Van Helsing
1015,Masters of the Universe
1183,Angel's Feather
6472,Just Meet
2098,God of War
6356,Deltazone
6471,Saikyou! Toritsu Aoizaka Koukou Yakyuubu
178,Bobobo-bo-Bo-bobo
6392,The Idolmaster Cinderella Girls
5341,Tums
3662,The Rose of Versailles
750,Mortal Kombat
5360,The Marvelous Misadventures of Flapjack
524,Doritos
4775,Planet Sheen
605,Yuki Yuna is a Hero
6467,MAJOR
606,Rail Wars!
568,Silly Bandz
1569,Nichijou
656,Spitting Image
6470,Cross Game
6127,Homestuck
1632,Batman: The Animated Series
635,Defenders of the Earth
1638,The Familiar of Zero
532,Agatha Christie
622,HeroQuest
3635,Titan A.E.
1644,Watch_Dogs
1373,Overlord
6478,Star of the Giants
2147,The A-Team
713,Is the Order a Rabbit?
642,Red Heat
6476,Dreams
2307,Field of Glory
2250,Tsukihime
2334,Tomorrow's Joe
4838,Demolition Man
2330,Aim for the Ace!
4837,Barney
2392,Courage the Cowardly Dog
4840,The Phantom
4594,A Turma do Arrepio
4996,Go Diego Go
4596,Narcos
3644,Unikitty
6129,NHRA
6481,Shonan Junai Gumi
5345,Danone
2385,Crazy Penguin Catapult
3282,Yokoyama Mitsuteru Sangokushi
2664,Fate/Stay Night
2656,Arcana Heart
2557,Code: Seed
5001,Grandpa Danger
2595,Arena Football League
2659,Girls und Panzer
2687,Perfect Dark
2693,Shadowgate
2740,Saint Tail
2858,Gon
2765,Comic 5trike
2811,TKKG
2827,Cats & Dogs
2842,Bugs Bunny
4848,Aaahh!!! Real Monsters
2864,Bamse
2879,Domino's Pizza
3076,ShadowHawk
3138,Yarudora
4691,arma
2942,Bobby's World
3755,Kyatto Ninden Teyandee
3093,School Days
2988,Titeuf
3016,Casa dos Artistas
3034,Cool World
3240,Slam Dunk
3122,Laid-Back Camp!
4854,Micro Machines
3090,Pretty Rhythm
3222,RTL Television
3224,Armorines
5010,Sniper Elite
3163,Dennis the Menace
3232,Koryuu no Mimi
3248,Parodius
3252,Cyborg 009
208,The Hobbit
1781,Altered Beast
3290,DOB
1142,Yawara!
2891,Team Fortress
4857,Sengoku Night Blood
3297,Lord of Lords: Ryuu Knight
3298,Ginga Sengoku Gunyuuden Rai
3292,Lode Runner
3938,Fanboy & Chum Chum
3309,Rokudenashi Blues
3331,Super Sonico
5425,Surf Ninjas
2584,Magical Girl Lyrical Nanoha
340,Scarface
1351,Crash Bandicoot
1304,Hyperdimension Neptunia
2616,Codemasters
624,Himouto! Umaru-chan
1477,Disney's The Lion King
3512,Missing Parts: The Tantei Stories
1040,MASK
266,Popeye
5308,Taco Bell
705,Vividred Operation
5335,NationStates
3025,Legends of Chima
58,Asterix
1160,Wedding Peach
5310,All Night Nippon
3789,Disney's Peter Pan
4702,Sand Land
1163,Ace Attorney
4869,Ottifants
1043,Forza
489,Kim Possible
666,Toradora!
2792,Suikoden
800,LittleBigPlanet
60,Pokémon
5486,Jibaku-kun
3150,Ring ni Kakero
3637,The Wolf Man
217,Monopoly
3779,You Don't Know Jack
3817,Mystery Gensokyo
3764,Zozole
3944,Elemental Gelade
3834,The Genie Family
5351,Sour Patch Kids
3567,Ouran High School Host Club
3837,Hurricane Polymar
3832,Onimusha
3781,Boys Be
3796,Suki Desu Suzuki-kun
3026,Fantastic Beasts and Where To Find Them
3585,Battlebots
2341,Suicide Squad
4037,Furby
71,Buck Rogers
165,Rambo
1249,Record of Lodoss War
3366,The Office
4267,Cy Girls
3725,Mitsu x Mitsu Drops
3989,Zipang
3737,Di Gi Charat
3525,Saki
390,Hard Boiled
263,Caesars Palace
4015,Kazaam
4162,Ocha-ken
278,Bolt
4099,Disney's Sleeping Beauty
4717,Britney Spears
4119,Monochrome Factor
5314,Pepsi
4101,Care Bears
3843,Lucky Star
4494,WTA
4017,Masked Rider
3951,Silent Mobius
3958,Banner of the Stars
4123,Skip Beat!
155,Tamagotchi
4718,Jeremy McGrath
6306,Miffy
4105,Lethal Weapon
143,Powerpuff Girls
4140,Spy x Family
162,Disney's 101 Dalmatians
4164,Prince of Stride
4079,ReBoot
4720,Rivals of Aether
2378,Honkai
4106,Benjamin Blümchen
136,Frank Herbert's Dune
4883,Olympic Games
442,Initial D
1467,Yakuza: Like a Dragon
4406,Gambler Jiko Chuushinha
117,Scooby-Doo
4379,WBSC
10,Sid Meier
5396,Kid Icarus
4208,Oha Suta
6445,Death Stranding
5582,The Silent Service
4471,Brother Bear
4475,Disney's Little Einsteins
4476,Home on the Range
4477,The Sorcerer's Apprentice
4499,Gorillaz
5039,Pretty Series
4207,Midori no Makibaoo
5827,SeaWorld
3107,YuYu Hakusho
5891,Shaun the Sheep
203,Fantastic Four
4467,Big Hero 6
48,Fast & Furious
233,Robotech
1821,Punch-Out!!
271,Astro Boy
4468,Maleficent
2973,The Tick
5612,Slugterra
5843,X-O Manowar
286,Coraline
324,Kung Fu Panda
316,Iron Chef
329,The Mummy
4227,Gaist Crusher
213,Largo Winch
344,Speed Racer
174,Barnyard
6371,The Suite Life of Zack & Cody
5241,Chousoku Spinner
6494,"Max, an Autistic Journey"
4458,We're Back! A Dinosaur's Story
5046,Kyousougiga
1035,Michael Jackson
866,Neon Genesis Evangelion
5567,MLBPA
6425,Fisher-Price
463,Metal Gear
2226,Who Wants To Be A Millionaire
417,The Flash
6496,Together We Play
1070,Virtua Fighter
224,NFL
5527,Disney's Pocahontas
3541,Oreimo
3630,Disney's Snow White and the Seven Dwarves
5244,Blood: The Last Vampire
716,The Road to El Dorado
5474,A Quiet Place
39,The Walking Dead
1237,Cross Ange
3739,Dr. Rin ni Kiitemite
67,Ys
102,Cartoon Network
798,Doom
4421,PGA Tour Golf
5047,Aria the Scarlet Ammo
6428,The World Ends With You
5324,Cow and Chicken
3454,Bincho-tan
5080,Welcome to the Wayne
5066,Harlem Globetrotters
6533,SSX
4422,Studio Up Down
648,Wacky Races
5083,Meimon! Daisan Yakyuu-bu
546,Rune Factory
5088,Kyonshies
1579,Chibi Maruko-chan
1717,Fortnite
4047,Galaxian
4550,Disney's The Little Mermaid
1423,WCW
3106,Wars
2675,The Last of Us
5327,Princess Natasha
5095,Summer Time Rendering
5685,Angel Beats!
3981,Galidor
995,Colin McRae
5450,Hero Bank
450,Medabots
2322,Super Robot Wars
5469,Sally the Witch
4526,Killer Karaoke
5104,Rilakkuma
5328,EverGirl
2582,Cardcaptor Sakura
409,Foster's Home for Imaginary Friends
6175,Counter-Strike Online
5142,SWAT: Special Weapons and Tactics
5146,Spartan X
1048,Mass Effect
5186,HSV VT
459,Beavis and Butt-head
5170,Kool-Aid
5211,Johnnie Walker
5251,Widget
4558,Overcooked
4253,Tokyo Revengers
4952,Armed Dragon Fantasy Villgust
346,Disney Princess
5697,Daria
3967,Peacock King
37,James Bond
5575,Eleven Beat
827,Rick and Morty
1424,Wheel of Fortune
5698,MTV
6240,Space Engineers
6539,NCAA Football
5837,Terrahawks
5557,Bakushou Mondai
1166,Spyro the Dragon
982,Guilty Gear
495,Prince of Persia
1865,Fatal Fury
6161,Neebota
3787,Disney's The Jungle Book
5849,The Legends Yokai by Shigeru Mizuki
462,Numenera
824,Monster Hunter
1434,Pixar
538,Shin Megami Tensei
6276,Mushiking: King of the Beetles
6180,MafiaControl
755,Sailor Moon
4139,K Project
5454,Hikaru no go
1148,Zoids
5505,The Owl House
248,Terminator
729,Need for Speed
5491,The California Raisins
1532,Disney's Lilo & Stitch
5945,Monster Jam
5659,Bambi
4685,Moana
5364,Mystical Ninja
353,WALL-E
5502,What's Michael?
672,Spice and Wolf
3792,Disney's The Hunchback of Notre Dame
92,Looney Tunes
5677,Ron's Gone Wrong
5005,Dumbo
5524,The Sword in the Stone
5802,DREAMS COME TRUE
950,Minecraft
2854,Five Nights at Freddy's
29,Resident Evil
1811,Contra
168,The Incredibles
696,Kamen Rider
6498,101-in-1
5476,Cocomelon
1082,Darkstalkers
1120,Peanuts
56,Dragon Ball
3285,Dragon Quest
160,Hello Kitty
84,Shrek
6312,Corvette
1,Star Wars
2214,The Simpsons
6054,Sune
792,Street Fighter
6194,The Princess Bride
592,Megami Tensei
6454,Velana Adventures
2114,Pro Evolution Soccer
6137,Cardfight!! Vanguard
1325,Super Sentai
571,Assassin's Creed
979,The Sims
907,Dynasty Warriors
108,Samurai Jack
295,The Dog
3471,Tenchi Muyo
5517,Zootopia
4583,Foodfight!
1039,The Seven Deadly Sins
163,Pacific Rim
751,Aeon Flux
21,BloodRayne
6548,Bridge to Terabithia
3798,My Guardian Characters
5825,Puzzler
4940,Hajime no Ippo
513,Monster High
3291,Mashin Hero Wataru
522,Airwolf
296,The Lego Movie
305,Gold's Gym
2806,The Last Starfighter
4939,Mañanitos
306,Grease
6549,Decomposition
244,Starsky & Hutch
1062,Dying Light
783,Austin Powers
1041,Million Arthur
4547,3788
663,Black Bullet
1084,Bob Morane
3426,Black Rock Shooter
5490,The Lawnmower Man
704,Nyaruko: Crawling with Love
767,Rocky Horror
6320,Tokyo Mew Mew
1090,Beelzebub
4946,Labyrinth
684,Biggles
5523,Disney's Coco
881,Zero Escape
4600,Planet X
1186,Ore no Imouto
386,Reservoir Dogs
1234,Code Geass
670,Bludgeoning Angel Dokuro-chan
2524,Dodonpachi
5072,The Mighty B!
701,Seraph of the End
4737,Captain Underpants
4950,Ninja Hattori-kun
2086,Serious Sam
6484,Alfons Åberg
380,Futurama
811,Gunslinger Stratos
6553,ww2
5528,Disney's Soul
497,Ghost in the Shell
391,Spy vs. Spy
189,Cubix
4246,Fate/Extra
288,CSI
1134,The Amazing World of Gumball
397,American Idol
600,Evil Dead
62,Akira
559,Barker Bill's Cartoon Show
5577,Trans-America Ultra Quiz
3696,Aggretsuko
4166,Raul Gil
634,Total Recall
721,Star Ocean
3850,Ushio to Tora
1121,The Little Prince
1480,American Dad!
1137,Outlanders
5295,Rasmus Klump
4564,Xeno
742,Star Wraith
4601,Madou Monogatari
193,Dinotopia
1196,Dresden Files
2093,Bikkuriman
5772,Mysteriet på Greveholm
398,Around the World in 80 Days
4800,Chainsaw Man
4555,Voltorometer
4743,My Horse Club
797,TrackMania
449,CatDog
40,Family Guy
310,Hardy Boys
107,Camp Lazlo
376,The Da Vinci Code
662,Heavy Object
3600,Full House
314,iCarly
171,The Ant Bully
838,Dexter
850,Flash Gordon
435,Hellboy
5930,The Abyss
660,Accel World
54,Shannara
3799,Ghost Sweeper Mikami
976,Orphan Black
6271,BodyConQuest
3800,Eggerland
4961,Umineko When They Cry
4256,Niniz
412,Babar: King of the Elephants
2161,Tokyo Majin Gakuen
241,Shark Tale
5747,Pathfinder
595,Home Improvement
1305,Hot Gimmick
1355,Timmy Time
1029,Black Butler
1272,Toonix
4560,The 3rd Birthday
613,Arachnophobia
664,Shakugan no Shana
872,Goemon
6165,Alfie Atkins
452,The Witcher
603,Punch Line
1227,Record of Grancrest War
723,'Allo 'Allo!
589,starcraft
984,The Powerpuff Girls
4911,My Life as a Teenage Robot
1036,Battlefield
732,Home Alone
4650,Breathedge
5338,Kinder
408,Droopy
2880,GuitarFreaks
3227,Shoot!
3603,Hollywood Squares
3604,Disney's Hunchback of Notre Dame
3826,Pocoyo
347,Pictionary
341,Rise of the Guardians
747,Dr. Seuss
632,Small Soldiers
996,Lucky Luke
1212,Silver Fang: The Shooting Star Gin
4752,from ARGONAVIS
3255,Osu!! Karate-bu
5986,Microsoft Jewel
787,Desperate Housewives
4654,Let's Sing
566,Murder She Wrote
4567,Sunrise Eiyuutan
6559,Glitch Dungeon
498,Babylon 5
1232,Club Penguin
4244,GeGeGe no Kitaro
407,Dragon Tales
2639,Deathsmiles
687,BraveStarr
843,Knight Rider
1290,The Darkness
1267,Anima: Beyond Fantasy
1226,Kabaneri of the Iron Fortress
1097,Haikyuu!!
1133,Uncle Grandpa
4816,Love Island
1205,Rurouni Kenshin
4972,System Shock
4576,Geraldinho
1165,Professor Layton
1213,Sexy Commando Gaiden: Sugoi yo!! Masaru-san
1446,Bakutsuri Bar Hunter
1452,Nasuverse
1650,Nekopara
4662,Hermes e Renato
525,Xena: Warrior Princess
4974,The Dark Myth
2141,Winning Eleven
1527,Four Seasons
1460,The Dark Crystal
1475,Earth Defense Force
1483,Magicka
1529,Show do Milhão
745,Nightbreed
1748,Kirikou
1964,Top Gear
137,Halo
2005,SoulCalibur
80,Jaws
1782,ChuChu Rocket!
1844,Chrono
1871,Rival Schools
3619,MC Hammer
1974,SimCity
1799,MAR
293,High School Musical
235,Rocky
2006,Xenosaga
6473,Kenichi: The Mightiest Disciple
1793,Excite
6468,Touch
2056,International Superstar Soccer
436,How to Train Your Dragon
477,Woody Woodpecker
618,Darkman
1136,Cobra
5339,Chewits
1188,Otome wa Boku ni Koishiteru
1168,My Hero Academia
1176,The Legend of Sword and Fairy
1178,Soukou Kihei Votoms
5299,Gilligan's Island
6408,Among Us
339,Scene It?
5340,Axe
530,Martin Mystery
1524,Fairy Tail
4830,Rebel Moon
5842,Kingdom Rush
561,Senran Kagura
430,Clash of the Titans
6409,ZigZag Ball
868,King’s Knight
3976,Firearm
338,Twilight
1376,The Castles of Burgundy
1382,Boruto: Next Naruto Generations
2859,Chunithm
2289,Cyberchase
607,.Hack
5343,Hooters
1470,Turok
1625,Little Nemo
6469,H2
631,Ripley's Believe It or Not!
429,Brave
657,Tokyo Ghoul
13,BattleTech
4990,Shijou Saikyou no Quiz-ou Ketteisen
147,Power Rangers
23,Alien
3711,Mr. Bean
1641,Tootuff
641,Plan 9 From Outer Space
4835,It's Always Sunny in Philadelphia
4836,Bram Stoker's Dracula
3654,Postman Pat
2182,R-Type
2299,Melbits
2240,Infamous
5536,The Fifth Element
2253,Penny Arcade
2260,Virtual On
4785,Project A-ko
2338,ARGONAVIS from BanG Dream!
4994,Blue's Room
2422,Picross
6480,Cromartie High School
2449,Girl Genius
2456,PowerBots
2491,El Chavo
2505,Claymore
2649,Jing: King of Bandits
2132,Columns
2624,Ensemble Stars
1998,Re:Zero − Starting Life in Another World
2566,Blood+
2588,Melty Blood
2602,Hakuoki
2692,Shadow Man
5666,The Fox and the Hound
2709,Zombies Ate My Neighbors
2737,Walking With Dinosaurs
3753,Kenka Banchou Otome
2896,Reksio
2758,The Wild Thornberrys
3752,Gakuen Alice
2767,ECW
2797,Usagi Yojimbo
2802,Sítio do Pica-Pau Amarelo
2841,Halloween
2850,Yukikaze
2909,Swords of Legends
3031,Beethoven
3068,Pui Pui Molcar
3289,Far East of Eden
4692,Little Critter
3030,LEGO Ninjago
3033,Clue
3088,Show by Rock!!
3296,Keiji
3244,JWP Pro Wrestling
3231,Yadamon
3156,Congo
3157,Speedy Gonzales
3159,Smilingüido
3257,Mike Tyson
5234,NIJISANJI
3286,Violinist of Hameln
252,Judge Dredd
5012,Supreme Commander
4111,MLS
3829,Yatterman
3277,Pokonyan
3299,Bow Wow
3314,Sword World
3315,Madara
1244,Sanrio
5977,L'Eredità
3142,Majikoi
3238,Appleseed
3667,Gummy Bear
5330,Nagatanien
2587,The Settlers of Catan
1007,Sentinels of the Multiverse
3830,Tatsunoko
678,The Archers
4154,Alias
493,Grand Theft Auto
502,Felix the Cat
5021,Happy Days
1318,My-Hime Project
3873,Duck Dynasty
3339,Property Brothers
4051,Patalliro!
2054,Disgaea
3562,Chobits
4092,Sabritas
1870,Final Fight
633,Ghosts 'n Goblins
3668,Kyou kara Maou!
4052,Juuoumaru
3793,Up
2104,Mega Man X
2012,Valkyria Chronicles
3161,Disney's Bonkers
260,Zatch Bell!
778,American Girl
3744,Full House Kiss
3516,Onegai My Melody
596,The Legend of Zelda
769,Fire Emblem
3924,Nadia: The Secret of Blue Water
3655,Elsword
5488,Johnson and Friends
6200,Creeper World
200,Driven
5348,Gap
3457,Vampire the Masquerade
3836,Karas
6360,Sherlock Holmes
146,The Muppets
895,Castlevania
593,Date A Live
3720,Mushishi
218,Monster House
4116,The Fall Guy
105,Hi Hi Puffy AmiYumi
505,Disney's American Dragon: Jake Long
28,South Park
6202,Heavenly Sword
3703,Kings of My Love
3659,Jolly Green Giant
3529,Clueless
4333,swapnote
3683,Dororo
113,Dexter's Laboratory
761,Shining
1707,Thomas the Tank Engine & Friends
3540,Doukyuusei
4268,Licca-chan
506,Fighting Fantasy
3589,Dan Marino
201,Dragon Ball Z
3660,Nil Admirari no Tenbin
6303,Tomica
4077,The Lone Ranger
3993,Super Rescue Solbrain
4016,Mighty Max
4107,Eyeshield 21
4271,"Ni Hao, Kai-Lan"
4272,Olivia
393,The Nightmare Before Christmas
4274,Wallykazam!
4042,Babe
6305,Shizuku-chan
4120,Soul Eater
294,Doctor Who
166,Jimmy Neutron
4078,Bull's Eye
3950,Mahoromatic
3507,Monkey Island
5316,Yogho Yogho
3400,Flying Dragon
4719,Clifford the Big Red Dog
280,Captain America
104,Rugrats
4157,"Ooh, Aah & You"
4464,Herbie
4497,Troy Aikman
358,The Addams Family
457,Sonic The Hedgehog
4281,VeggieTales
4420,KuruKuru Princess
4882,Annoying Orange
1466,Far Cry
320,Iron Man
328,Megamind
1344,Metro
2138,Taiko no Tatsujin
4310,Shin Nippon Pro Wrestling
4186,Ar tonelico
277,Bob the Builder
308,Grey's Anatomy
4410,"Little Indian, Big City"
276,Bee Movie
182,Buffy the Vampire Slayer
4473,The Wild
4820,Guardians of the Galaxy
4439,Marsupilami
249,UFC
4286,Bluey
4369,Nev the Bear
4447,Aotu World
4727,The Boss Baby
468,Miss Spider's Sunny Patch Friends
3,Conan
188,The Chronicles of Narnia
4448,Genius Quiz
199,Duel Masters
236,The Scorpion King
5240,Show by Shoubai!!
6422,Dr Goo
6493,Archipelago
775,Gradius
2052,Jak and Daxter
332,Nancy Drew
2412,The Idolmaster
352,Totally Spies!
255,WWE
4426,Cinnamoroll
4413,Quest for Camelot
4372,Sugar Sugar Rune
545,Vocaloid
5894,Miraculous
5741,Unreal
5320,Numbershark
3709,Kimi ni Todoke
1017,Sim
784,World of Darkness
752,3x3 Eyes
3620,The Mighty Ducks
2757,Ticket to Ride
1933,Arthur
1034,Fallout
3786,Disney's Hercules
6296,Talking Tom & Friends
177,Bleach
5764,Cheech & Chong
5921,Yumeiro Cast
5277,Sherlock
5386,AEW
101,Ben 10
1518,Pikmin
26,Disney
5816,Pippa Funnell
629,Dylan Dog
5069,Sanjay and Craig
835,Gargoyles
267,Adventures of Tintin
518,Hook
5071,Monkey Quest
5692,American Oudan Ultra Quiz
3746,Dear Girl: Stories
5086,Maison Ikkoku
46,Stargate SG-1
4942,The Brave of Sun Fighbird
6534,Tank Trouble
12,Command & Conquer
5326,Wonder Woman
1567,Yoshi
487,Pink Panther
928,Double Dragon
5818,Stickybear
3625,Police Academy
6446,Age of History
307,Green Lantern
5208,Nisemon
5140,Dirty Pair
5292,Devil Hunter Yohko
6536,BLEPP JOURNEY
1652,Life is Strange
5124,The Bad Guys
5152,Dragon: The Bruce Lee Story
5158,Musashi no Ken
5160,Jenny
2251,Danganronpa
5184,Kawasaki Jet Ski
5188,Cliffhanger
5185,Volkswagen New Beetle
5400,MXGP
85,Tom and Jerry
720,Kingdom Hearts
5844,Dairy Queen
5201,Humanoid Monster Bem
5212,Pippi Longstocking
161,Risk
5168,Crunchyroll-hime
451,Cyberpunk
1277,Wolfenstein
3602,Goofy
1291,Story of Seasons
173,Avatar: The Last Airbender
5696,Scotland Yard
135,Warcraft
5406,Overwatch
4953,Sukeban Deka
43,Dungeons & Dragons
1766,Raving Rabbids
5262,The Quintessential Quintuplets
994,Rayman
151,Spider-Man
6381,Anger of stick
5699,Les Fourmis
5836,Paddington Bear
6178,"So I'm a Spider, So What?"
554,Silent Hill
5879,ATP
57,Yu-Gi-Oh!
1873,Art of Fighting
5547,Charlie and the Chocolate Factory
4834,Pong
3928,We Bare Bears
6560,Uma Musume
5624,Holistic Union
1533,The Land Before Time
2507,Tokimeki Memorial
6561,PIGEONBLOOD
5475,Max Steel
1067,Crazy Taxi
448,Rocko's Modern Life
6339,NAPHORA GAMES GROUP
6083,Poppy Playtime
2695,Tony Hawk's
5560,Alone in the Dark
1572,League of Legends
5664,The Three Caballeros
5823,Pixel Town
2479,Kero Kero Keroppi
5551,World Rally
5926,Puffy
126,Romance Of The Three Kingdoms
3583,Disney's Aladdin
5661,Fantasia
5670,Adventures of the Gummi Bears
5462,Ghost Stories
4472,The Haunted Mansion
5485,Carrera
5671,Elemental
5672,Descendants
5521,Raya and the Last Dragon
5665,Encanto
756,Metroid
5525,The Black Cauldron
5526,Luca
3534,AFL
5663,The Adventures of Ichabod and Mr. Toad
5675,The Santa Clause
350,Thor
4695,Formula 1
1724,Portal
5518,Inside Out
5566,Adidas
496,Die Hard
6563,CrafTAE
124,Marvel
6516,NinjaTrader application
1060,Nights into Dreams
2345,Love and Berry
6280,Chiikawa
956,Deemo
6440,Cabela's
6315,Treasure Gaust
6,"Warhammer 40,000"
6092,IndyCar
6456,GekiChuMai
51,LEGO
18,Star Trek
763,Donkey Kong
6545,Bone
789,Kirby
6564,Top Trumps
